
USE RALaundry

INSERT INTO MsStaff VALUES 
('ST001', 'Sinta', 'Female', 'Jl. Jend. Sudirman No.23', 2300000.00),
('ST002', 'Anto Lubis', 'Male', 'Jl. Sultan Syarif Kasim no.45', 3000000.00),
('ST003', 'Jojo', 'Male', 'Jl. Ahmad Yani no.10', 2500000.00),
('ST004', 'Edi Rizal', 'Male', 'Perum Griya Indah Blok III A09', 1500000.00),
('ST005', 'Dewi Lina', 'Female', 'Perum Taman Sentosa Blok G No.21', 1500000.00),
('ST006', 'Susi', 'Female', 'Jl. MT. Haryono No.33', 1950000.00),
('ST007', 'Rina', 'Female', 'Jl. AM. Sangaji 16', 2000000.00),
('ST008', 'Dwi Wahyu', 'Male', 'Jl. Nangka No.111', 1750000.00),
('ST009', 'Daniel Christ Martabat', 'Male', 'Jl. Tuparev no.10', 2800000.00),
('ST010', 'Helena Fransiska', 'Female', 'Jl. Rambutan no.33', 3000000.00)

INSERT INTO MsCustomer VALUES
('CU001', 'Mustika Dea', 'Female', 'Jl. Melati no.5', '1999-12-15'),
('CU002', 'Dinda', 'Female', 'Perum Soko Asri BI H/6', '1966-03-27'),
('CU003', 'Wati Agustin', 'Female', 'Jl. Pasar Baru no.109', '1980-11-12'),
('CU004', 'Heri Edi', 'Male', 'Jl. H.E.A Mokodompit no.13', '1973-05-15'),
('CU005', 'Budi Santoso', 'Male', 'Perum Dipenegoro No.57', '1999-10-1'),
('CU006', 'Thomas', 'Male', 'Jl.Tentara Rakyat Matraman 7', '1970-07-07'),
('CU007', 'Sri Ningrum', 'Female', 'Jl. Tanjung Baru 5', '1981-02-23'),
('CU008', 'Amar Teguh', 'Male', 'Jl.P.Lombok no.67', '1983-07-20'),
('CU009', 'Ria Natalia', 'Female', 'Jl. Cipto no.101', '1987-08-19'),
('CU010', 'Joseph Alvaro', 'Male', 'Jl. Siliwangi no.32', '1993-04-07'),
('CU011', 'Peter', 'Male', 'Jl. Andhounohu no.33', '1997-06-03'),
('CU012', 'Elizabeth', 'Female', 'Jl. Kolenel Wahid no.21', '1973-09-03'),
('CU013', 'Stephen', 'Male', 'Jl. Parang Tritis Raya 3-E', '1987-04-23'),
('CU014', 'Dini', 'Female', 'Jl. Nagrak Gumuruh no.19', '1970-09-27'),
('CU015', 'Maria', 'Female', 'Jl. Raya Margonda No.42', '1991-02-21')


INSERT INTO MsVendor VALUES
('VE001', 'CV. Future', 'Jl. HR Rasuna Said Kav 62 Setiabudi Atrium Lt 4', '087522110'),
('VE002', 'PT. Sentosa', 'Jl. Boulevard Artha Gading Rukan Artha Gading Niaga Bl C/29', '087763896'),
('VE003', 'CV. Global Sejahtera', 'Jl. Gondangdia Kecil 12-14 Ged Dana Graha Lt 3', '0842888402'),
('VE004', 'PT. Makmur Persada', 'Jl. RS Fatmawati 20 Rukan Fatmawati Mas Bl III/319', '087715909'),
('VE005', 'CV. Abadi Gemilang', 'Jl. Pantai Indah Utr II Pantai Indah Kapuk Bl L/8-G', '084617820'),
('VE006', 'CV. Makmur Setia', 'Jl. Raya Pasar Minggu Kav 34 Graha Sucofindo Bl B', '084759603'),
('VE007', 'CV. Mitra cahaya', 'Jl. Rawa Gelam IV 14 Kawasan Industri Pulogadung', '085200411'),
('VE008', 'PT. Indonesia', 'Jl. Jend. Sudirman Kav. 60', '088317085'),
('VE009', 'PT. Anugrah Lestari', 'Jl. Pulo Lentut Kav. II-E/4', '085359771'),
('VE010', 'PT. Bahtera Sejahtera Makmur', 'Jl. Casablanca Kav. 18', '084527897')

INSERT INTO MsClothes (ClothesID, ClothesType, ClothesName) VALUES
('CL001', 'Cotton', 'Jumpsuit'),
('CL002', 'Polyester', 'Blazer'),
('CL003', 'Linen', 'Kemeja'),
('CL004', 'Wool', 'Sweater'),
('CL005', 'Linen', 'Rok'),
('CL006', 'Wool', 'Cardigans'),
('CL007', 'Polyester', 'Celana'),
('CL008', 'Linen', 'Cardigans'),
('CL009', 'Cotton', 'Celana'),
('CL010', 'Linen', 'Blazer'),
('CL011', 'Cotton', 'Kaos'),
('CL012', 'Cotton', 'Hoodies'),
('CL013', 'Wool', 'Cardigans'),
('CL014', 'Linen', 'Celana '),
('CL015', 'Polyester', 'Cardigans'),
('CL016', 'Polyester', 'Rok'),
('CL017', 'Viscose', 'Blazer'),
('CL018', 'Viscose', 'Kemeja'),
('CL019', 'Viscose', 'Celana'),
('CL020', 'Viscose', 'Cardigans'),
('CL021', 'Linen', 'Sweater')

INSERT INTO MsMaterial (MaterialID,MaterialType,MaterialName,MaterialPrice) VALUES
('MA001', 'Equipment', 'Mesin Cuci', 3000000.00),
('MA002', 'Equipment', 'Meja Sterika', 200000.00),
('MA003', 'Equipment ', 'Keranjang', 50000.00),
('MA004', 'Supplies', 'Detergent',25000.00),
('MA005', 'Supplies', 'Pemutih Pakaian', 25000.00),
('MA006', 'Equipment', 'Setrika', 200000.00),
('MA007', 'Equipment', 'Mesin Pengering', 10000000.00),
('MA008', 'Supplies', 'Pewangi Pakaian', 25000.00),
('MA009', 'Supplies', 'Plastik Packing', 65000.00),
('MA010', 'Supplies', 'Nota/Bon',10000.00),
('MA011', 'Equipment', 'Hanger', 200000.00),
('MA012', 'Supplies', 'Pelembut/Pelicin Pakaian', 25000.00),
('MA013', 'Equipment', 'Rak Penyimpanan Baju/Lemari',500000.00)

INSERT INTO TrPurchase (PurchaseID, StaffID, PurchaseDate, VendorID)VALUES 
('PU001','ST001','2019-01-12','VE001'),
('PU002','ST001','2019-02-10','VE004'),
('PU003','ST002','2019-03-23','VE005'),
('PU004','ST002','2019-03-23','VE003'),
('PU005','ST005','2019-04-19','VE010'),
('PU006','ST004','2019-06-20','VE007'),
('PU007','ST001','2019-06-30','VE009'),
('PU008','ST003','2019-07-25','VE006'),
('PU009','ST010','2019-07-29','VE008'),
('PU010','ST009','2019-08-17','VE009'),
('PU011','ST008','2019-09-03','VE004'),
('PU012','ST010','2019-09-07','VE003'),
('PU013','ST007','2019-10-09','VE009'),
('PU014','ST008','2019-11-05','VE004'),
('PU015','ST006','2019-11-16','VE010'),
('PU016','ST002','2019-11-29','VE002')

INSERT INTO TrService VALUES
('SR001','ST001','CU004','2019-01-15','Laundry Service'),
('SR002','ST002','CU001','2019-01-15','Dry Cleaning Service'),
('SR003','ST005','CU003','2019-02-19','Ironing Service'),
('SR004','ST003','CU001','2019-03-15', 'Laundry Service'),
('SR005','ST010','CU010','2019-03-15','Dry Cleaning Service'),
('SR006','ST009','CU009','2019-04-15', 'Laundry Service'),
('SR007','ST008','CU008','2019-04-15','Dry Cleaning Service'),
('SR008','ST007','CU007','2019-05-15', 'Ironing Service'),
('SR009','ST006','CU006','2019-05-15', 'Laundry Service'),
('SR010','ST004','CU005','2019-06-15','Dry Cleaning Service'),
('SR011','ST003','CU004','2019-07-15','Dry Cleaning Service'),
('SR012','ST002','CU003','2019-07-15', 'Ironing Service'),
('SR013','ST001','CU002','2019-10-15','Dry Cleaning Service'),
('SR014','ST008','CU002','2019-11-15', 'Ironing Service'),
('SR015','ST009','CU009','2019-12-15', 'Ironing Service'),
('SR016','ST010','CU008','2019-12-16','Laundry Service')

INSERT INTO  DetailPurchase VALUES
('PU001','MA008',10),
('PU001','MA004',7),
('PU001','MA005',8),
('PU002','MA004',5),
('PU002','MA005',9),
('PU002','MA009',50),
('PU003','MA007',2),
('PU003','MA013',2),
('PU004','MA006',10),
('PU004','MA011',15),
('PU005','MA012',10),
('PU005','MA010',12),
('PU006','MA003',30),
('PU006','MA006',15),
('PU007','MA005',6),
('PU007','MA002',7),
('PU008','MA006',15),
('PU008','MA011',8),
('PU009','MA009',30),
('PU010','MA008',20),
('PU011','MA004',14),
('PU012','MA002',6),
('PU013','MA009',8),
('PU014','MA012',15),
('PU015','MA008',3),
('PU016','MA009',4)

INSERT INTO DetailService VALUES
('SR001','CL005',45000.00),
('SR001','CL002',45000.00),
('SR002','CL003',80000.00), 
('SR002','CL004',70000.00),
('SR003','CL005',25000.00),
('SR003','CL011',50000.00),
('SR004','CL007',90000.00),
('SR005','CL012',75000.00),
('SR006','CL009',34000.00),
('SR007','CL004',52000.00),
('SR007','CL021',50000.00),
('SR008','CL003',50000.00),
('SR009','CL012',64000.00),
('SR010','CL013',25000.00),
('SR010','CL014',50000.00),
('SR010','CL008',25000.00),
('SR011','CL015',70000.00),
('SR012','CL002',30000.00),
('SR012','CL003',30000.00),
('SR013','CL003',20000.00),
('SR013','CL004',20000.00),
('SR013','CL010',40000.00),
('SR014','CL010',22000.00),
('SR014','CL011',20000.00),
('SR015','CL005',25000.00),
('SR015','CL006',20000.00),
('SR015','CL009',20000.00),
('SR016','CL021',50000.00)